Region,Year,0-4,5-9,10-14,15-19,20-24,25-29,30-34,35-39,40-44,45-49,50-54,55-59,60-64,65-69,70-74,75-79,80-84,85-89,90-94,95-99,100+,Dependancy ratio
WORLD,1950,  341 877,  267 731,  258 081,  237 173,  220 116,  193 645,  163 243,  159 122,  144 039,  125 354,  104 545,  85 394,  70 797,  53 123,  36 653,  22 441,  10 870,  3 977,   969,   160,   14,66.24174292
WORLD,1951,  356 601,  271 481,  259 192,  240 518,  223 052,  197 695,  166 848,  159 048,  146 024,  127 603,  106 945,  87 046,  71 418,  53 924,  37 034,  22 701,  10 913,  3 959,   967,   147,   16,66.63198761
WORLD,1952,  370 487,  278 772,  259 555,  244 720,  225 201,  202 217,  171 505,  158 110,  148 027,  129 731,  109 466,  89 000,  71 930,  54 969,  37 522,  22 937,  11 037,  3 957,   967,   145,   16,67.12421223
WORLD,1953,  384 396,  288 553,  259 638,  248 515,  226 815,  206 840,  177 386,  156 600,  150 016,  132 002,  111 938,  91 231,  72 475,  56 236,  38 145,  23 140,  11 246,  3 973,   973,   144,   16,67.76258434
WORLD,1954,  396 316,  301 220,  260 539,  251 194,  228 856,  210 933,  183 306,  155 909,  151 695,  134 509,  114 461,  93 358,  73 358,  57 461,  38 867,  23 380,  11 452,  4 022,   982,   145,   15,68.50379104
WORLD,1955,  406 951,  316 528,  262 423,  253 025,  231 320,  214 719,  187 937,  157 729,  152 614,  136 823,  117 029,  95 514,  74 746,  58 408,  39 649,  23 720,  11 677,  4 099,   997,   150,   15,69.35842613
WORLD,1956,  416 566,  331 526,  266 344,  254 209,  234 613,  217 776,  192 105,  161 545,  152 607,  138 932,  119 369,  97 887,  76 500,  59 126,  40 490,  24 127,  11 932,  4 168,  1 009,   155,   15,70.21747854
WORLD,1957,  425 583,  345 797,  273 813,  254 604,  238 677,  219 874,  196 713,  166 301,  151 756,  141 031,  121 486,  100 385,  78 478,  59 688,  41 473,  24 577,  12 173,  4 263,  1 023,   159,   15,71.20100369
WORLD,1958,  433 662,  358 412,  284 780,  255 203,  242 076,  221 912,  201 253,  172 034,  150 430,  142 921,  123 730,  102 884,  80 698,  60 263,  42 712,  25 094,  12 384,  4 412,  1 060,   173,   16,72.23073027
WORLD,1959,  437 118,  369 616,  297 908,  256 351,  244 823,  223 958,  205 245,  177 744,  149 763,  144 654,  126 071,  105 416,  82 625,  61 126,  43 775,  25 638,  12 594,  4 552,  1 109,   188,   19,73.02835748
WORLD,1960,  436 018,  380 182,  312 060,  257 685,  247 526,  225 703,  209 030,  182 243,  151 400,  145 467,  128 287,  107 609,  84 442,  62 265,  44 385,  26 114,  12 805,  4 660,  1 142,   190,   20,73.57997986
WORLD,1961,  434 590,  388 984,  325 670,  261 404,  249 508,  228 447,  212 161,  186 437,  155 099,  145 163,  130 307,  109 644,  86 448,  63 710,  44 911,  26 675,  13 041,  4 789,  1 169,   192,   21,73.88297755
WORLD,1962,  438 726,  397 182,  338 340,  269 267,  250 311,  232 214,  214 618,  191 028,  159 916,  144 202,  132 328,  111 848,  88 667,  65 462,  45 500,  27 420,  13 326,  4 915,  1 199,   194,   22,74.24694649
WORLD,1963,  451 875,  404 572,  350 604,  279 887,  250 395,  236 020,  216 698,  195 459,  165 753,  143 009,  134 361,  114 159,  91 042,  67 381,  46 095,  28 339,  13 657,  5 020,  1 235,   196,   22,74.94033156
WORLD,1964,  469 079,  408 650,  362 114,  292 328,  251 004,  239 439,  218 467,  199 554,  171 491,  142 639,  136 230,  116 650,  93 447,  69 219,  46 926,  29 245,  14 064,  5 158,  1 281,   202,   23,75.5385932
WORLD,1965,  485 580,  410 218,  373 050,  306 485,  252 362,  242 254,  220 397,  203 484,  176 158,  144 409,  137 286,  119 031,  95 792,  71 146,  48 125,  29 922,  14 515,  5 327,  1 335,   213,   23,75.85436796
WORLD,1966,  501 365,  411 641,  382 487,  320 271,  255 990,  244 306,  223 246,  206 717,  180 452,  148 228,  137 214,  121 150,  97 985,  73 226,  49 515,  30 499,  14 990,  5 498,  1 391,   223,   23,75.99132064
WORLD,1967,  511 646,  416 578,  391 045,  333 031,  263 650,  245 147,  226 971,  209 161,  185 045,  153 095,  136 347,  123 161,  100 168,  75 385,  51 051,  31 032,  15 545,  5 687,  1 447,   233,   24,75.90301668
WORLD,1968,  515 804,  429 146,  398 645,  345 351,  274 077,  245 286,  230 705,  211 154,  189 424,  158 911,  135 231,  125 099,  102 411,  77 587,  52 650,  31 526,  16 154,  5 884,  1 497,   243,   25,75.7892405
WORLD,1969,  520 143,  445 916,  402 968,  356 948,  286 405,  245 982,  234 085,  212 812,  193 470,  164 616,  134 944,  126 851,  104 818,  79 761,  54 160,  32 131,  16 718,  6 096,  1 552,   253,   26,75.68058272
WORLD,1970,  526 219,  462 383,  404 660,  367 945,  300 630,  247 447,  236 937,  214 671,  197 364,  169 390,  136 826,  127 855,  107 056,  81 889,  55 720,  32 982,  17 171,  6 332,  1 622,   266,   27,75.45959678
WORLD,1971,  532 881,  478 168,  406 101,  377 354,  314 438,  251 210,  239 026,  217 588,  200 574,  173 711,  140 769,  127 729,  109 085,  83 864,  57 457,  34 057,  17 565,  6 583,  1 694,   281,   29,75.23551678
WORLD,1972,  539 731,  488 551,  411 085,  385 730,  327 065,  258 994,  239 965,  221 437,  203 071,  178 143,  145 746,  126 820,  111 109,  85 813,  59 328,  35 288,  17 957,  6 872,  1 770,   296,   30,74.91645757
WORLD,1973,  544 571,  492 871,  423 621,  393 216,  339 241,  269 459,  240 283,  225 303,  205 208,  182 444,  151 643,  125 814,  113 067,  87 906,  61 264,  36 579,  18 363,  7 201,  1 854,   311,   32,74.56864609
WORLD,1974,  546 653,  497 335,  440 283,  397 499,  350 748,  281 589,  241 167,  228 805,  207 025,  186 511,  157 307,  125 721,  114 871,  90 184,  63 216,  37 888,  18 876,  7 526,  1 952,   327,   34,74.38209231
WORLD,1975,  546 574,  503 722,  456 531,  399 209,  361 653,  295 547,  242 715,  231 757,  208 983,  190 480,  161 836,  127 767,  115 983,  92 402,  65 150,  39 316,  19 552,  7 812,  2 063,   348,   37,74.21059463
WORLD,1976,  545 127,  511 106,  472 003,  400 643,  371 043,  309 215,  246 533,  233 908,  211 983,  193 728,  165 975,  131 768,  116 095,  94 499,  67 015,  40 882,  20 347,  8 064,  2 165,   368,   39,73.98977717
WORLD,1977,  543 680,  518 685,  482 260,  405 566,  379 581,  321 835,  254 457,  234 867,  215 838,  196 236,  170 322,  136 736,  115 424,  96 584,  68 874,  42 570,  21 231,  8 320,  2 278,   388,   41,73.42709185
WORLD,1978,  542 525,  523 918,  486 666,  417 930,  387 319,  334 078,  265 052,  235 182,  219 693,  198 340,  174 528,  142 483,  114 605,  98 558,  70 837,  44 299,  22 178,  8 596,  2 416,   413,   43,72.3300975
WORLD,1979,  543 800,  526 524,  491 231,  434 239,  391 834,  345 797,  277 299,  236 071,  223 223,  200 132,  178 523,  147 947,  114 674,  100 351,  72 917,  45 952,  23 103,  8 922,  2 558,   441,   46,71.21689184
WORLD,1980,  548 692,  526 989,  497 718,  450 454,  393 870,  357 124,  291 443,  237 715,  226 225,  202 120,  182 391,  152 258,  116 650,  101 416,  74 881,  47 494,  24 070,  9 303,  2 675,   470,   49,70.25215486
WORLD,1981,  556 540,  525 763,  505 161,  466 299,  395 784,  366 999,  305 402,  241 706,  228 524,  205 104,  185 574,  156 163,  120 381,  101 488,  76 687,  48 924,  25 082,  9 722,  2 773,   497,   53,69.33879967
WORLD,1982,  567 530,  524 468,  512 866,  476 990,  400 942,  375 802,  318 215,  249 669,  229 680,  208 949,  188 033,  160 362,  124 958,  100 862,  78 518,  50 326,  26 162,  10 189,  2 878,   528,   57,68.5683885
WORLD,1983,  579 086,  523 596,  518 323,  481 878,  413 297,  383 543,  330 447,  260 224,  230 107,  212 868,  190 083,  164 456,  130 275,  100 068,  80 278,  51 812,  27 254,  10 682,  2 984,   562,   62,67.73630106
WORLD,1984,  588 952,  525 120,  521 015,  486 991,  429 677,  387 886,  342 043,  272 475,  231 036,  216 437,  191 856,  168 295,  135 430,  100 098,  81 885,  53 412,  28 304,  11 158,  3 106,   596,   66,66.86334011
WORLD,1985,  598 278,  530 389,  521 474,  494 018,  445 893,  389 605,  353 091,  286 592,  232 638,  219 459,  193 837,  172 034,  139 604,  101 976,  82 887,  54 984,  29 347,  11 672,  3 255,   628,   70,66.11251845
WORLD,1986,  607 677,  538 765,  520 267,  501 814,  461 593,  391 205,  362 671,  300 471,  236 603,  221 813,  196 781,  175 173,  143 443,  105 499,  83 034,  56 496,  30 371,  12 232,  3 423,   658,   75,65.46729993
WORLD,1987,  616 953,  550 096,  518 961,  509 609,  472 215,  396 158,  371 271,  313 274,  244 525,  223 088,  200 547,  177 643,  147 518,  109 771,  82 607,  58 072,  31 429,  12 859,  3 617,   690,   82,64.96185572
WORLD,1988,  625 964,  561 822,  518 170,  515 064,  477 170,  408 343,  378 879,  325 526,  255 014,  223 654,  204 407,  179 719,  151 479,  114 735,  82 046,  59 612,  32 553,  13 499,  3 827,   720,   89,64.53586651
WORLD,1989,  634 819,  571 810,  519 922,  517 624,  482 367,  424 520,  383 245,  337 082,  267 321,  224 670,  207 997,  181 531,  155 187,  119 579,  82 247,  61 040,  33 757,  14 107,  4 029,   754,   97,64.18770359
WORLD,1990,  642 748,  581 133,  525 331,  517 781,  489 391,  440 681,  385 243,  348 156,  281 481,  226 311,  211 137,  183 601,  158 786,  123 498,  84 083,  61 994,  34 954,  14 723,  4 248,   794,   102,63.94957655
WORLD,1991,  646 245,  590 612,  533 734,  516 223,  497 016,  456 390,  387 181,  357 795,  295 310,  230 236,  213 641,  186 564,  161 838,  127 072,  87 318,  62 234,  36 089,  15 320,  4 482,   837,   107,63.71676623
WORLD,1992,  644 299,  600 224,  545 247,  514 655,  504 359,  466 852,  392 196,  366 391,  307 927,  238 042,  215 023,  190 268,  164 265,  130 826,  91 175,  62 003,  37 263,  15 939,  4 739,   882,   110,63.4738514
WORLD,1993,  640 709,  609 779,  557 406,  513 780,  509 135,  471 476,  404 198,  373 937,  319 856,  248 341,  215 649,  194 053,  166 296,  134 460,  95 598,  61 673,  38 436,  16 609,  4 999,   931,   112,63.23934613
WORLD,1994,  635 995,  618 929,  567 680,  515 590,  511 223,  476 362,  420 198,  378 286,  331 071,  260 366,  216 653,  197 503,  168 033,  137 822,  99 859,  61 976,  39 526,  17 318,  5 242,   982,   116,62.88538923
WORLD,1995,  629 561,  627 077,  577 264,  521 320,  511 258,  483 067,  435 966,  380 143,  341 756,  274 164,  218 192,  200 501,  170 003,  141 095,  103 283,  63 621,  40 259,  18 027,  5 499,  1 041,   122,62.40441034
WORLD,1996,  624 459,  631 190,  587 092,  530 207,  509 826,  490 379,  451 075,  381 658,  351 007,  287 588,  221 964,  202 912,  172 875,  143 922,  106 418,  66 390,  40 480,  18 717,  5 751,  1 105,   129,61.83247036
WORLD,1997,  621 932,  629 739,  596 691,  541 972,  508 568,  497 721,  461 220,  386 310,  359 341,  299 879,  229 595,  204 278,  176 463,  146 231,  109 718,  69 646,  40 407,  19 441,  6 016,  1 177,   138,61.14389453
WORLD,1998,  620 210,  626 240,  605 950,  554 095,  508 028,  502 729,  465 813,  398 181,  366 791,  311 614,  239 736,  204 985,  180 136,  148 254,  112 954,  73 339,  40 354,  20 184,  6 320,  1 251,   148,60.42707943
WORLD,1999,  619 190,  621 684,  615 045,  564 400,  510 103,  504 909,  470 540,  414 032,  371 101,  322 701,  251 574,  206 088,  183 538,  150 104,  116 033,  76 923,  40 795,  20 887,  6 638,  1 315,   159,59.72047861
WORLD,2000,  619 565,  615 498,  623 257,  573 935,  516 152,  504 989,  477 115,  429 609,  372 959,  333 244,  265 097,  207 674,  186 547,  152 184,  119 086,  79 868,  42 222,  21 382,  6 959,  1 387,   169,58.99629517
WORLD,2001,  621 252,  610 541,  627 321,  583 463,  525 254,  503 765,  484 568,  444 657,  374 528,  342 373,  278 236,  211 401,  188 981,  155 026,  121 738,  82 607,  44 480,  21 622,  7 291,  1 462,   180,58.2521319
WORLD,2002,  623 778,  608 321,  626 007,  592 764,  536 805,  502 624,  492 008,  454 791,  379 169,  350 618,  290 262,  218 867,  190 428,  158 474,  123 955,  85 455,  47 010,  21 706,  7 638,  1 537,   192,57.48198676
WORLD,2003,  627 026,  607 203,  622 787,  601 784,  548 489,  502 131,  497 011,  459 349,  390 905,  357 947,  301 693,  228 770,  191 297,  161 963,  125 965,  88 194,  49 780,  21 799,  7 983,  1 618,   203,56.73713259
WORLD,2004,  630 789,  606 797,  618 466,  610 772,  558 341,  504 241,  499 203,  464 076,  406 576,  362 164,  312 511,  240 341,  192 576,  165 206,  127 845,  90 818,  52 521,  22 243,  8 341,  1 713,   212,56.0120958
WORLD,2005,  634 207,  607 755,  612 531,  619 160,  567 578,  510 153,  499 219,  470 589,  421 940,  363 965,  322 829,  253 590,  194 330,  168 161,  129 917,  93 449,  54 833,  23 305,  8 622,  1 819,   224,55.28365227
WORLD,2006,  637 557,  610 031,  607 855,  623 576,  577 070,  519 091,  497 947,  477 918,  436 772,  365 482,  331 744,  266 463,  198 140,  170 659,  132 631,  95 763,  56 949,  24 827,  8 775,  1 929,   236,54.66005802
WORLD,2007,  642 225,  612 830,  605 743,  622 484,  586 544,  530 745,  497 022,  485 331,  446 840,  370 051,  339 827,  278 181,  205 487,  172 265,  135 866,  97 731,  59 146,  26 453,  8 876,  2 050,   252,54.17604541
WORLD,2008,  648 366,  616 195,  604 593,  619 294,  595 850,  542 674,  496 788,  490 356,  451 447,  381 643,  347 006,  289 309,  215 085,  173 392,  139 111,  99 580,  61 293,  28 186,  8 994,  2 168,   269,53.77973147
WORLD,2009,  655 242,  620 181,  604 173,  614 937,  605 103,  552 760,  499 080,  492 634,  456 235,  397 179,  351 147,  299 847,  226 197,  174 947,  142 123,  101 369,  63 402,  29 891,  9 286,  2 285,   288,53.46214321
WORLD,2010,  662 000,  623 975,  605 128,  609 030,  613 648,  562 122,  505 063,  492 851,  462 875,  412 534,  353 029,  309 891,  238 845,  176 905,  144 938,  103 338,  65 519,  31 350,  9 872,  2 380,   308,53.19680103
WORLD,2011,  668 509,  627 847,  607 415,  604 324,  618 119,  571 479,  513 793,  491 775,  470 405,  427 455,  354 727,  318 645,  251 149,  180 712,  147 401,  105 832,  67 389,  32 734,  10 645,  2 441,   330,53.03595069
WORLD,2012,  675 141,  633 113,  610 300,  602 124,  617 020,  580 664,  525 100,  490 952,  478 013,  437 701,  359 494,  326 651,  262 391,  187 716,  149 131,  108 740,  69 024,  34 169,  11 417,  2 484,   353,53.02417039
WORLD,2013,  680 780,  639 867,  613 788,  601 018,  613 764,  589 719,  536 726,  490 724,  483 254,  442 621,  371 201,  333 762,  273 096,  196 707,  150 521,  111 665,  70 639,  35 579,  12 243,  2 541,   377,53.09898455
WORLD,2014,  684 753,  647 382,  617 933,  600 881,  609 316,  598 804,  546 477,  492 888,  485 805,  447 754,  386 729,  337 865,  283 274,  207 046,  152 273,  114 393,  72 263,  37 016,  13 095,  2 663,   402,53.22190216
WORLD,2015,  687 534,  654 825,  621 947,  602 200,  603 232,  607 261,  555 541,  498 722,  486 244,  454 681,  401 965,  339 733,  292 991,  218 854,  154 270,  116 977,  74 025,  38 468,  13 825,  2 878,   422,53.36065752
WORLD,2016,  689 598,  661 842,  626 078,  604 712,  598 620,  611 841,  564 864,  507 434,  485 136,  462 334,  416 632,  341 385,  301 362,  230 360,  157 902,  119 326,  76 168,  39 782,  14 514,  3 143,   441,53.51414662
WORLD,2017,  690 361,  668 653,  631 596,  607 786,  596 914,  610 964,  574 227,  518 768,  484 138,  469 834,  426 628,  345 994,  308 916,  240 869,  164 413,  121 120,  78 569,  40 998,  15 223,  3 393,   459,53.71284883
WORLD,2018,  688 660,  674 325,  638 451,  611 398,  596 336,  607 945,  583 570,  530 474,  483 799,  474 886,  431 477,  357 371,  315 665,  250 874,  172 674,  122 630,  80 949,  42 251,  15 921,  3 658,   476,53.89369839
WORLD,2019,  684 873,  678 417,  645 916,  615 536,  596 534,  603 856,  592 986,  540 438,  485 896,  477 195,  436 583,  372 484,  319 587,  260 374,  182 095,  124 404,  83 165,  43 535,  16 658,  3 918,   504,54.03307398
WORLD,2020,  679 146,  681 411,  653 182,  619 494,  598 043,  598 212,  601 653,  549 705,  491 738,  477 345,  443 293,  387 139,  321 115,  269 184,  192 455,  126 084,  85 059,  44 649,  17 370,  4 129,   548,54.11475716
WORLD,2021,  671 477,  683 612,  659 934,  623 561,  600 697,  593 832,  606 213,  558 995,  500 404,  476 003,  450 467,  400 890,  321 938,  276 129,  201 868,  128 623,  86 296,  45 540,  17 902,  4 322,   593,54.08720734
United Kingdom,1950,  4 316,  3 608,  3 336,  3 128,  3 376,  3 852,  3 458,  3 851,  3 844,  3 561,  3 143,  2 741,  2 416,  2 052,  1 600,  1 034,   512,   182,   41,   5,   0,50.00604384
United Kingdom,1951,  4 253,  3 782,  3 346,  3 138,  3 326,  3 738,  3 566,  3 771,  3 850,  3 597,  3 219,  2 770,  2 430,  2 056,  1 615,  1 058,   524,   186,   42,   5,   0,50.4901604
United Kingdom,1952,  4 110,  3 996,  3 370,  3 171,  3 283,  3 639,  3 701,  3 639,  3 848,  3 635,  3 292,  2 800,  2 449,  2 065,  1 627,  1 078,   541,   191,   43,   5,   0,50.89252203
United Kingdom,1953,  3 980,  4 156,  3 431,  3 225,  3 245,  3 563,  3 826,  3 480,  3 841,  3 673,  3 364,  2 840,  2 467,  2 085,  1 639,  1 101,   562,   200,   45,   6,   0,51.32005656
United Kingdom,1954,  3 906,  4 229,  3 524,  3 279,  3 215,  3 501,  3 869,  3 385,  3 832,  3 701,  3 425,  2 894,  2 490,  2 105,  1 650,  1 121,   581,   208,   48,   6,   0,51.73858932
United Kingdom,1955,  3 868,  4 249,  3 642,  3 308,  3 200,  3 448,  3 802,  3 413,  3 800,  3 720,  3 470,  2 966,  2 518,  2 120,  1 661,  1 139,   601,   214,   50,   7,   0,52.16333988
United Kingdom,1956,  3 875,  4 191,  3 815,  3 320,  3 200,  3 402,  3 690,  3 521,  3 724,  3 731,  3 505,  3 043,  2 547,  2 136,  1 669,  1 154,   620,   221,   51,   7,   0,52.66158397
United Kingdom,1957,  3 925,  4 052,  4 029,  3 347,  3 221,  3 362,  3 594,  3 655,  3 595,  3 732,  3 540,  3 119,  2 577,  2 154,  1 681,  1 168,   638,   232,   54,   7,   1,53.1694967
United Kingdom,1958,  3 992,  3 928,  4 185,  3 412,  3 262,  3 324,  3 521,  3 781,  3 437,  3 728,  3 574,  3 192,  2 614,  2 171,  1 699,  1 178,   656,   243,   56,   8,   1,53.52819842
United Kingdom,1959,  4 069,  3 860,  4 256,  3 508,  3 304,  3 290,  3 463,  3 827,  3 343,  3 723,  3 599,  3 255,  2 664,  2 192,  1 716,  1 186,   669,   252,   59,   8,   1,53.76594526
United Kingdom,1960,  4 173,  3 825,  4 276,  3 626,  3 321,  3 267,  3 415,  3 761,  3 375,  3 695,  3 616,  3 303,  2 731,  2 218,  1 729,  1 196,   683,   263,   61,   9,   1,54.0439492
United Kingdom,1961,  4 294,  3 833,  4 217,  3 798,  3 322,  3 258,  3 374,  3 651,  3 488,  3 624,  3 625,  3 340,  2 804,  2 243,  1 744,  1 205,   696,   274,   64,   9,   1,54.19208788
United Kingdom,1962,  4 409,  3 882,  4 075,  4 012,  3 339,  3 268,  3 336,  3 558,  3 625,  3 501,  3 624,  3 376,  2 875,  2 268,  1 757,  1 214,   704,   283,   68,   9,   1,54.09744387
United Kingdom,1963,  4 522,  3 946,  3 946,  4 170,  3 394,  3 299,  3 299,  3 488,  3 752,  3 346,  3 619,  3 409,  2 944,  2 298,  1 769,  1 228,   708,   290,   71,   10,   1,54.11431928
United Kingdom,1964,  4 640,  4 020,  3 875,  4 244,  3 480,  3 330,  3 263,  3 433,  3 799,  3 253,  3 611,  3 435,  3 006,  2 342,  1 786,  1 244,   715,   299,   75,   10,   1,54.5332668
United Kingdom,1965,  4 740,  4 122,  3 838,  4 267,  3 589,  3 339,  3 237,  3 389,  3 732,  3 285,  3 585,  3 452,  3 054,  2 402,  1 809,  1 260,   728,   310,   80,   11,   1,55.25792713
United Kingdom,1966,  4 791,  4 241,  3 843,  4 214,  3 755,  3 329,  3 225,  3 350,  3 620,  3 397,  3 517,  3 459,  3 093,  2 466,  1 831,  1 273,   740,   319,   84,   12,   1,56.07096896
United Kingdom,1967,  4 800,  4 355,  3 888,  4 077,  3 968,  3 336,  3 231,  3 313,  3 528,  3 530,  3 399,  3 457,  3 132,  2 532,  1 856,  1 289,   753,   329,   89,   13,   1,56.91667501
United Kingdom,1968,  4 774,  4 465,  3 950,  3 952,  4 130,  3 383,  3 259,  3 276,  3 458,  3 660,  3 248,  3 452,  3 168,  2 596,  1 885,  1 302,   768,   336,   93,   14,   1,57.69333648
United Kingdom,1969,  4 711,  4 576,  4 023,  3 886,  4 208,  3 462,  3 290,  3 238,  3 405,  3 713,  3 152,  3 444,  3 193,  2 650,  1 921,  1 314,   779,   341,   97,   15,   1,58.3813922
United Kingdom,1970,  4 622,  4 669,  4 124,  3 853,  4 240,  3 566,  3 297,  3 209,  3 361,  3 649,  3 183,  3 418,  3 209,  2 693,  1 969,  1 330,   790,   349,   101,   16,   1,59.0655443
United Kingdom,1971,  4 539,  4 716,  4 242,  3 861,  4 197,  3 728,  3 286,  3 193,  3 323,  3 540,  3 291,  3 356,  3 216,  2 732,  2 024,  1 349,   802,   358,   105,   17,   1,59.68534251
United Kingdom,1972,  4 438,  4 722,  4 355,  3 910,  4 069,  3 941,  3 290,  3 196,  3 286,  3 452,  3 420,  3 243,  3 215,  2 768,  2 080,  1 368,   812,   366,   109,   18,   1,60.06863436
United Kingdom,1973,  4 292,  4 695,  4 463,  3 974,  3 950,  4 106,  3 336,  3 220,  3 246,  3 386,  3 547,  3 096,  3 211,  2 800,  2 133,  1 390,   819,   373,   112,   19,   2,60.15718844
United Kingdom,1974,  4 120,  4 633,  4 571,  4 050,  3 889,  4 187,  3 415,  3 247,  3 205,  3 336,  3 600,  3 004,  3 205,  2 827,  2 182,  1 421,   829,   379,   114,   19,   2,60.0386617
United Kingdom,1975,  3 933,  4 547,  4 659,  4 153,  3 862,  4 221,  3 519,  3 253,  3 174,  3 295,  3 538,  3 035,  3 183,  2 845,  2 226,  1 461,   841,   385,   117,   20,   2,59.70129244
United Kingdom,1976,  3 729,  4 467,  4 702,  4 270,  3 874,  4 183,  3 679,  3 240,  3 155,  3 259,  3 434,  3 142,  3 125,  2 854,  2 262,  1 503,   854,   390,   119,   21,   2,59.11115844
United Kingdom,1977,  3 543,  4 370,  4 706,  4 381,  3 924,  4 058,  3 891,  3 245,  3 156,  3 223,  3 349,  3 267,  3 020,  2 856,  2 297,  1 548,   868,   397,   122,   22,   2,58.37179646
United Kingdom,1978,  3 423,  4 231,  4 680,  4 485,  3 990,  3 939,  4 056,  3 290,  3 179,  3 183,  3 288,  3 389,  2 883,  2 856,  2 332,  1 594,   887,   405,   126,   23,   2,57.61531288
United Kingdom,1979,  3 386,  4 067,  4 619,  4 588,  4 067,  3 879,  4 136,  3 370,  3 205,  3 142,  3 242,  3 440,  2 798,  2 854,  2 359,  1 635,   910,   413,   130,   24,   2,56.87121364
United Kingdom,1980,  3 417,  3 890,  4 536,  4 671,  4 170,  3 852,  4 169,  3 473,  3 210,  3 112,  3 205,  3 382,  2 830,  2 839,  2 380,  1 673,   938,   423,   133,   24,   2,56.14623814
United Kingdom,1981,  3 476,  3 697,  4 459,  4 708,  4 284,  3 863,  4 131,  3 634,  3 198,  3 094,  3 172,  3 283,  2 934,  2 792,  2 394,  1 708,   970,   434,   138,   26,   3,55.36091021
United Kingdom,1982,  3 539,  3 522,  4 367,  4 708,  4 390,  3 910,  4 008,  3 846,  3 203,  3 095,  3 138,  3 204,  3 054,  2 702,  2 402,  1 742,  1 003,   445,   142,   27,   3,54.41276942
United Kingdom,1983,  3 593,  3 410,  4 233,  4 680,  4 490,  3 971,  3 890,  4 013,  3 250,  3 119,  3 101,  3 148,  3 170,  2 580,  2 410,  1 775,  1 035,   458,   146,   28,   3,53.40692674
United Kingdom,1984,  3 617,  3 379,  4 074,  4 617,  4 589,  4 045,  3 829,  4 094,  3 331,  3 146,  3 064,  3 108,  3 221,  2 508,  2 416,  1 804,  1 069,   475,   151,   29,   3,52.71091164
United Kingdom,1985,  3 623,  3 413,  3 901,  4 532,  4 667,  4 144,  3 801,  4 129,  3 436,  3 153,  3 036,  3 076,  3 170,  2 543,  2 409,  1 827,  1 100,   492,   156,   30,   3,52.4954448
United Kingdom,1986,  3 641,  3 474,  3 712,  4 452,  4 701,  4 255,  3 811,  4 095,  3 598,  3 143,  3 020,  3 048,  3 081,  2 642,  2 372,  1 841,  1 128,   511,   161,   32,   3,52.4598626
United Kingdom,1987,  3 683,  3 539,  3 539,  4 357,  4 699,  4 361,  3 856,  3 976,  3 812,  3 150,  3 024,  3 020,  3 011,  2 754,  2 297,  1 854,  1 158,   533,   167,   33,   4,52.49182142
United Kingdom,1988,  3 739,  3 596,  3 427,  4 221,  4 669,  4 461,  3 914,  3 860,  3 981,  3 199,  3 050,  2 988,  2 962,  2 861,  2 198,  1 867,  1 188,   557,   176,   35,   4,52.65966473
United Kingdom,1989,  3 789,  3 623,  3 394,  4 060,  4 607,  4 561,  3 986,  3 801,  4 066,  3 280,  3 081,  2 957,  2 930,  2 909,  2 141,  1 876,  1 213,   578,   184,   36,   4,52.89739266
United Kingdom,1990,  3 829,  3 633,  3 425,  3 885,  4 521,  4 642,  4 085,  3 776,  4 105,  3 387,  3 092,  2 935,  2 905,  2 869,  2 179,  1 875,  1 234,   599,   192,   38,   4,53.24392459
United Kingdom,1991,  3 863,  3 654,  3 480,  3 694,  4 440,  4 681,  4 197,  3 788,  4 076,  3 550,  3 086,  2 925,  2 885,  2 795,  2 273,  1 852,  1 252,   621,   203,   40,   4,53.68493142
United Kingdom,1992,  3 879,  3 694,  3 542,  3 519,  4 346,  4 686,  4 305,  3 835,  3 962,  3 764,  3 097,  2 934,  2 865,  2 737,  2 376,  1 797,  1 267,   642,   214,   42,   5,54.12097284
United Kingdom,1993,  3 868,  3 746,  3 598,  3 405,  4 216,  4 664,  4 409,  3 897,  3 851,  3 935,  3 148,  2 965,  2 841,  2 698,  2 470,  1 720,  1 280,   662,   224,   44,   5,54.42090275
United Kingdom,1994,  3 842,  3 792,  3 627,  3 371,  4 064,  4 611,  4 514,  3 971,  3 796,  4 023,  3 232,  3 000,  2 817,  2 675,  2 515,  1 681,  1 292,   680,   233,   46,   5,54.51543847
United Kingdom,1995,  3 796,  3 828,  3 642,  3 399,  3 903,  4 538,  4 603,  4 069,  3 775,  4 063,  3 340,  3 014,  2 802,  2 660,  2 487,  1 719,  1 296,   697,   243,   49,   5,54.45245668
United Kingdom,1996,  3 738,  3 861,  3 669,  3 453,  3 732,  4 473,  4 655,  4 180,  3 792,  4 036,  3 502,  3 011,  2 797,  2 648,  2 429,  1 802,  1 282,   709,   252,   51,   6,54.33856039
United Kingdom,1997,  3 685,  3 878,  3 714,  3 518,  3 578,  4 398,  4 676,  4 287,  3 842,  3 926,  3 714,  3 023,  2 810,  2 637,  2 384,  1 892,  1 245,   721,   262,   54,   6,54.21753274
United Kingdom,1998,  3 640,  3 869,  3 770,  3 581,  3 485,  4 293,  4 671,  4 392,  3 907,  3 818,  3 884,  3 072,  2 843,  2 622,  2 357,  1 972,  1 198,   733,   271,   56,   6,54.0107215
United Kingdom,1999,  3 597,  3 846,  3 819,  3 622,  3 472,  4 171,  4 638,  4 498,  3 983,  3 764,  3 971,  3 153,  2 877,  2 605,  2 344,  2 012,  1 177,   743,   279,   59,   6,53.70104266
United Kingdom,2000,  3 551,  3 806,  3 858,  3 654,  3 524,  4 045,  4 586,  4 591,  4 082,  3 746,  4 008,  3 258,  2 891,  2 596,  2 338,  2 000,  1 212,   749,   287,   61,   7,53.31955013
United Kingdom,2001,  3 498,  3 755,  3 897,  3 697,  3 604,  3 911,  4 543,  4 652,  4 191,  3 764,  3 979,  3 416,  2 888,  2 598,  2 338,  1 967,  1 282,   747,   295,   64,   7,52.91583851
United Kingdom,2002,  3 444,  3 712,  3 920,  3 755,  3 698,  3 793,  4 493,  4 682,  4 298,  3 816,  3 869,  3 621,  2 899,  2 616,  2 337,  1 943,  1 354,   729,   302,   67,   8,52.49274178
United Kingdom,2003,  3 410,  3 677,  3 919,  3 822,  3 792,  3 735,  4 414,  4 688,  4 402,  3 882,  3 762,  3 784,  2 946,  2 650,  2 332,  1 932,  1 416,   704,   308,   69,   8,52.06624951
United Kingdom,2004,  3 410,  3 642,  3 904,  3 880,  3 861,  3 755,  4 319,  4 668,  4 509,  3 959,  3 709,  3 867,  3 024,  2 685,  2 325,  1 934,  1 452,   699,   314,   72,   8,51.69953218
United Kingdom,2005,  3 441,  3 603,  3 871,  3 930,  3 912,  3 838,  4 215,  4 629,  4 603,  4 057,  3 692,  3 903,  3 127,  2 700,  2 327,  1 944,  1 457,   731,   320,   74,   9,51.3158084
United Kingdom,2006,  3 501,  3 553,  3 828,  3 979,  3 964,  3 947,  4 099,  4 598,  4 665,  4 167,  3 712,  3 875,  3 280,  2 700,  2 338,  1 957,  1 448,   785,   321,   77,   9,50.92830712
United Kingdom,2007,  3 592,  3 500,  3 792,  4 013,  4 025,  4 062,  3 995,  4 558,  4 697,  4 275,  3 767,  3 769,  3 481,  2 714,  2 362,  1 969,  1 443,   840,   316,   80,   10,50.73338945
United Kingdom,2008,  3 694,  3 465,  3 763,  4 022,  4 092,  4 168,  3 945,  4 485,  4 706,  4 380,  3 836,  3 667,  3 642,  2 765,  2 401,  1 977,  1 450,   882,   310,   83,   10,50.80203911
United Kingdom,2009,  3 786,  3 464,  3 734,  4 016,  4 150,  4 238,  3 969,  4 392,  4 689,  4 487,  3 916,  3 620,  3 726,  2 846,  2 440,  1 983,  1 466,   911,   314,   86,   11,51.06600419
United Kingdom,2010,  3 871,  3 495,  3 697,  3 993,  4 199,  4 280,  4 052,  4 289,  4 653,  4 583,  4 018,  3 608,  3 767,  2 950,  2 461,  1 997,  1 489,   924,   336,   89,   11,51.4481996
United Kingdom,2011,  3 950,  3 560,  3 647,  3 957,  4 248,  4 314,  4 155,  4 170,  4 624,  4 646,  4 131,  3 633,  3 746,  3 104,  2 468,  2 019,  1 513,   929,   369,   91,   12,52.03823243
United Kingdom,2012,  4 008,  3 657,  3 592,  3 929,  4 284,  4 352,  4 257,  4 061,  4 585,  4 680,  4 242,  3 693,  3 651,  3 305,  2 489,  2 051,  1 535,   936,   399,   90,   12,52.89335908
United Kingdom,2013,  4 034,  3 766,  3 554,  3 906,  4 295,  4 395,  4 343,  4 004,  4 511,  4 691,  4 351,  3 767,  3 559,  3 468,  2 544,  2 094,  1 551,   947,   419,   89,   13,53.74496076
United Kingdom,2014,  4 034,  3 864,  3 549,  3 880,  4 291,  4 433,  4 390,  4 019,  4 417,  4 675,  4 461,  3 852,  3 520,  3 556,  2 628,  2 135,  1 565,   964,   433,   92,   14,54.4488962
United Kingdom,2015,  4 026,  3 955,  3 578,  3 842,  4 270,  4 465,  4 406,  4 092,  4 311,  4 641,  4 559,  3 956,  3 514,  3 602,  2 732,  2 158,  1 583,   982,   440,   99,   14,55.08657173
United Kingdom,2016,  4 005,  4 038,  3 643,  3 788,  4 235,  4 501,  4 417,  4 187,  4 189,  4 613,  4 623,  4 071,  3 543,  3 585,  2 881,  2 166,  1 606,   998,   442,   108,   14,55.70102995
United Kingdom,2017,  3 965,  4 103,  3 742,  3 726,  4 206,  4 526,  4 434,  4 281,  4 077,  4 574,  4 657,  4 184,  3 605,  3 496,  3 074,  2 188,  1 637,  1 015,   447,   117,   14,56.29770233
United Kingdom,2018,  3 911,  4 134,  3 852,  3 679,  4 179,  4 527,  4 463,  4 360,  4 017,  4 500,  4 666,  4 293,  3 680,  3 411,  3 229,  2 241,  1 675,  1 027,   453,   122,   14,56.81474969
United Kingdom,2019,  3 847,  4 138,  3 951,  3 666,  4 147,  4 514,  4 491,  4 399,  4 029,  4 404,  4 649,  4 402,  3 765,  3 375,  3 315,  2 321,  1 712,  1 042,   466,   129,   15,57.24454877
United Kingdom,2020,  3 757,  4 130,  4 041,  3 690,  4 099,  4 484,  4 519,  4 410,  4 100,  4 297,  4 613,  4 498,  3 866,  3 368,  3 356,  2 414,  1 725,  1 057,   481,   137,   17,57.50725735
United Kingdom,2021,  3 652,  4 107,  4 124,  3 751,  4 031,  4 442,  4 552,  4 416,  4 192,  4 173,  4 581,  4 558,  3 975,  3 394,  3 336,  2 543,  1 722,  1 074,   495,   143,   21,57.67227457
Japan,1950,  11 365,  9 662,  8 820,  8 736,  7 929,  6 334,  5 249,  5 115,  4 522,  4 013,  3 405,  2 766,  2 312,  1 758,  1 194,   705,   333,   111,   23,   3,   0,67.43073689
Japan,1951,  11 663,  9 393,  8 929,  8 826,  8 075,  6 662,  5 339,  5 151,  4 670,  4 015,  3 520,  2 851,  2 367,  1 777,  1 236,   727,   342,   115,   25,   3,   0,66.45769606
Japan,1952,  11 427,  9 468,  9 110,  8 876,  8 219,  7 020,  5 458,  5 160,  4 795,  4 042,  3 644,  2 942,  2 414,  1 807,  1 283,   753,   354,   120,   27,   3,   0,65.34276284
Japan,1953,  10 706,  9 955,  9 335,  8 845,  8 359,  7 336,  5 668,  5 136,  4 875,  4 125,  3 746,  3 040,  2 447,  1 859,  1 328,   779,   364,   123,   28,   3,   0,64.35865384
Japan,1954,  9 869,  10 516,  9 575,  8 750,  8 472,  7 596,  5 957,  5 104,  4 944,  4 247,  3 817,  3 136,  2 474,  1 925,  1 367,   808,   376,   127,   29,   4,   0,63.481916
Japan,1955,  9 189,  11 044,  9 556,  8 723,  8 569,  7 792,  6 264,  5 146,  5 000,  4 389,  3 860,  3 229,  2 530,  1 994,  1 400,   843,   393,   134,   31,   4,   0,62.3234326
Japan,1956,  8 738,  11 379,  9 295,  8 835,  8 659,  7 943,  6 599,  5 243,  5 043,  4 537,  3 866,  3 342,  2 614,  2 050,  1 421,   875,   408,   140,   32,   4,   0,60.58964713
Japan,1957,  8 356,  11 176,  9 371,  9 016,  8 707,  8 085,  6 953,  5 366,  5 055,  4 659,  3 894,  3 459,  2 699,  2 093,  1 444,   904,   420,   143,   33,   4,   0,58.63395728
Japan,1958,  8 092,  10 493,  9 852,  9 238,  8 675,  8 221,  7 260,  5 577,  5 035,  4 736,  3 976,  3 555,  2 792,  2 124,  1 489,   934,   436,   148,   34,   5,   0,56.8958526
Japan,1959,  7 960,  9 694,  10 413,  9 476,  8 584,  8 336,  7 512,  5 866,  5 007,  4 803,  4 097,  3 623,  2 885,  2 155,  1 550,   964,   456,   155,   36,   5,   0,55.47198472
Japan,1960,  7 867,  9 045,  10 950,  9 461,  8 566,  8 441,  7 703,  6 172,  5 052,  4 859,  4 237,  3 662,  2 972,  2 206,  1 608,   985,   474,   161,   38,   5,   0,54.54412232
Japan,1961,  7 816,  8 615,  11 295,  9 213,  8 687,  8 545,  7 856,  6 504,  5 151,  4 904,  4 382,  3 669,  3 079,  2 283,  1 655,   998,   491,   167,   39,   5,   0,53.8193783
Japan,1962,  7 853,  8 255,  11 105,  9 307,  8 878,  8 614,  8 006,  6 857,  5 277,  4 922,  4 504,  3 700,  3 190,  2 364,  1 695,  1 016,   507,   172,   40,   5,   0,52.18879034
Japan,1963,  7 929,  8 008,  10 438,  9 800,  9 115,  8 609,  8 154,  7 164,  5 489,  4 910,  4 584,  3 783,  3 283,  2 452,  1 727,  1 053,   526,   178,   41,   6,   0,49.86428771
Japan,1964,  8 027,  7 890,  9 658,  10 368,  9 375,  8 547,  8 279,  7 419,  5 778,  4 891,  4 654,  3 902,  3 350,  2 540,  1 758,  1 102,   545,   187,   44,   6,   0,47.70994387
Japan,1965,  8 207,  7 810,  9 029,  10 908,  9 393,  8 554,  8 394,  7 616,  6 083,  4 943,  4 714,  4 041,  3 392,  2 625,  1 806,  1 148,   557,   195,   46,   7,   0,46.19672052
Japan,1966,  8 225,  7 769,  8 620,  11 257,  9 180,  8 690,  8 511,  7 774,  6 414,  5 051,  4 763,  4 185,  3 407,  2 729,  1 876,  1 188,   567,   204,   48,   7,   0,45.11192714
Japan,1967,  8 268,  7 816,  8 277,  11 077,  9 297,  8 894,  8 595,  7 930,  6 764,  5 183,  4 790,  4 308,  3 448,  2 840,  1 953,  1 227,   587,   215,   51,   7,   1,44.44805537
Japan,1968,  8 494,  7 901,  8 044,  10 430,  9 792,  9 155,  8 601,  8 082,  7 071,  5 397,  4 789,  4 392,  3 538,  2 935,  2 036,  1 259,   617,   225,   54,   8,   1,44.31625187
Japan,1969,  8 647,  8 006,  7 934,  9 675,  10 342,  9 465,  8 537,  8 210,  7 329,  5 682,  4 781,  4 465,  3 659,  3 006,  2 118,  1 289,   653,   235,   57,   8,   1,44.28959441
Japan,1970,  8 760,  8 188,  7 859,  9 068,  10 857,  9 551,  8 534,  8 328,  7 532,  5 983,  4 841,  4 530,  3 797,  3 055,  2 198,  1 333,   688,   243,   60,   9,   1,44.36261004
Japan,1971,  9 093,  8 206,  7 820,  8 672,  11 188,  9 395,  8 667,  8 445,  7 698,  6 309,  4 953,  4 586,  3 942,  3 082,  2 297,  1 392,   719,   252,   64,   10,   1,44.59645217
Japan,1972,  9 445,  8 246,  7 868,  8 337,  11 008,  9 530,  8 877,  8 527,  7 858,  6 654,  5 086,  4 620,  4 069,  3 136,  2 404,  1 461,   750,   265,   69,   11,   1,45.13429372
Japan,1973,  9 636,  8 465,  7 953,  8 105,  10 379,  9 997,  9 150,  8 530,  8 012,  6 959,  5 293,  4 629,  4 161,  3 232,  2 499,  1 535,   777,   283,   73,   11,   1,45.82457632
Japan,1974,  9 844,  8 612,  8 056,  7 994,  9 646,  10 476,  9 475,  8 462,  8 140,  7 219,  5 570,  4 629,  4 243,  3 354,  2 574,  1 608,   803,   303,   77,   12,   1,46.4647249
Japan,1975,  9 932,  8 719,  8 236,  7 915,  9 059,  10 924,  9 563,  8 447,  8 257,  7 424,  5 863,  4 693,  4 313,  3 492,  2 632,  1 687,   840,   322,   81,   13,   1,47.02406019
Japan,1976,  9 861,  9 046,  8 251,  7 871,  8 675,  11 246,  9 381,  8 562,  8 374,  7 586,  6 180,  4 806,  4 372,  3 637,  2 672,  1 779,   887,   339,   85,   14,   1,47.46236054
Japan,1977,  9 649,  9 395,  8 286,  7 912,  8 348,  11 069,  9 505,  8 752,  8 456,  7 739,  6 519,  4 938,  4 407,  3 768,  2 735,  1 876,   942,   357,   91,   15,   1,47.80074217
Japan,1978,  9 312,  9 584,  8 501,  7 991,  8 122,  10 417,  9 988,  9 001,  8 461,  7 887,  6 820,  5 142,  4 417,  3 867,  2 836,  1 966,  1 005,   376,   100,   16,   1,48.00930534
Japan,1979,  8 912,  9 789,  8 645,  8 091,  8 015,  9 659,  10 495,  9 284,  8 397,  8 011,  7 075,  5 415,  4 421,  3 956,  2 961,  2 041,  1 071,   399,   110,   18,   1,48.06229789
Japan,1980,  8 535,  9 874,  8 758,  8 264,  7 937,  9 050,  10 968,  9 318,  8 391,  8 130,  7 271,  5 704,  4 487,  4 032,  3 098,  2 101,  1 139,   427,   120,   19,   2,47.91884155
Japan,1981,  8 191,  9 805,  9 087,  8 277,  7 892,  8 649,  11 263,  9 105,  8 518,  8 251,  7 425,  6 017,  4 600,  4 094,  3 238,  2 147,  1 216,   458,   128,   21,   2,47.98486495
Japan,1982,  7 879,  9 594,  9 427,  8 323,  7 931,  8 310,  11 047,  9 209,  8 716,  8 334,  7 572,  6 349,  4 732,  4 134,  3 368,  2 216,  1 296,   496,   139,   24,   2,47.90310516
Japan,1983,  7 617,  9 257,  9 606,  8 550,  8 008,  8 079,  10 375,  9 689,  8 962,  8 337,  7 715,  6 640,  4 935,  4 149,  3 470,  2 318,  1 371,   538,   150,   27,   2,47.36683465
Japan,1984,  7 405,  8 857,  9 802,  8 702,  8 107,  7 970,  9 603,  10 233,  9 225,  8 271,  7 841,  6 883,  5 203,  4 158,  3 561,  2 438,  1 433,   580,   163,   30,   2,46.84456107
Japan,1985,  7 231,  8 482,  9 882,  8 825,  8 278,  7 887,  8 986,  10 764,  9 225,  8 268,  7 967,  7 070,  5 487,  4 228,  3 641,  2 569,  1 488,   627,   178,   34,   3,46.35699959
Japan,1986,  7 077,  8 141,  9 809,  9 161,  8 287,  7 833,  8 582,  11 109,  8 990,  8 403,  8 096,  7 217,  5 793,  4 344,  3 709,  2 704,  1 538,   681,   195,   38,   3,45.81103911
Japan,1987,  6 942,  7 833,  9 593,  9 499,  8 335,  7 865,  8 245,  10 920,  9 092,  8 608,  8 185,  7 360,  6 116,  4 479,  3 756,  2 833,  1 608,   738,   215,   42,   4,45.1662941
Japan,1988,  6 805,  7 575,  9 252,  9 676,  8 566,  7 937,  8 022,  10 261,  9 582,  8 856,  8 192,  7 502,  6 399,  4 679,  3 779,  2 938,  1 700,   790,   236,   46,   4,44.47868141
Japan,1989,  6 635,  7 365,  8 851,  9 872,  8 722,  8 034,  7 917,  9 498,  10 148,  9 111,  8 131,  7 631,  6 635,  4 940,  3 795,  3 032,  1 805,   834,   258,   51,   5,43.84072065
Japan,1990,  6 441,  7 192,  8 474,  9 953,  8 850,  8 200,  7 834,  8 891,  10 705,  9 096,  8 136,  7 763,  6 815,  5 215,  3 869,  3 115,  1 919,   874,   283,   56,   6,43.41753643
Japan,1991,  6 284,  7 041,  8 132,  9 881,  9 190,  8 210,  7 782,  8 496,  11 068,  8 853,  8 278,  7 898,  6 958,  5 508,  3 985,  3 185,  2 034,   913,   310,   62,   6,43.25019711
Japan,1992,  6 159,  6 908,  7 824,  9 667,  9 525,  8 265,  7 817,  8 168,  10 885,  8 958,  8 487,  7 994,  7 097,  5 815,  4 117,  3 235,  2 144,   966,   338,   69,   7,43.26612881
Japan,1993,  6 038,  6 773,  7 566,  9 326,  9 700,  8 500,  7 892,  7 953,  10 225,  9 454,  8 738,  8 006,  7 236,  6 082,  4 307,  3 261,  2 238,  1 035,   365,   76,   8,43.37584432
Japan,1994,  5 974,  6 604,  7 357,  8 924,  9 895,  8 656,  7 993,  7 853,  9 462,  10 029,  8 987,  7 952,  7 366,  6 305,  4 553,  3 286,  2 325,  1 115,   390,   85,   9,43.62272983
Japan,1995,  5 958,  6 412,  7 186,  8 546,  9 976,  8 784,  8 159,  7 772,  8 856,  10 590,  8 962,  7 962,  7 503,  6 477,  4 811,  3 363,  2 402,  1 198,   413,   94,   10,43.99677491
Japan,1996,  5 943,  6 256,  7 037,  8 203,  9 900,  9 120,  8 166,  7 722,  8 462,  10 949,  8 717,  8 107,  7 645,  6 617,  5 086,  3 481,  2 473,  1 286,   439,   105,   12,44.52652453
Japan,1997,  5 931,  6 133,  6 905,  7 895,  9 682,  9 449,  8 222,  7 757,  8 136,  10 762,  8 821,  8 319,  7 749,  6 757,  5 377,  3 615,  2 534,  1 376,   478,   117,   14,45.20627874
Japan,1998,  5 926,  6 012,  6 771,  7 638,  9 339,  9 617,  8 456,  7 828,  7 923,  10 104,  9 316,  8 568,  7 771,  6 901,  5 630,  3 801,  2 576,  1 460,   527,   130,   16,45.9203701
Japan,1999,  5 898,  5 950,  6 604,  7 430,  8 937,  9 807,  8 610,  7 926,  7 825,  9 345,  9 887,  8 811,  7 727,  7 038,  5 841,  4 031,  2 613,  1 536,   578,   143,   18,46.63653973
Japan,2000,  5 875,  5 936,  6 414,  7 262,  8 560,  9 885,  8 736,  8 088,  7 745,  8 748,  10 447,  8 782,  7 747,  7 183,  6 008,  4 273,  2 696,  1 608,   632,   156,   21,47.4434157
Japan,2001,  5 861,  5 923,  6 260,  7 116,  8 219,  9 812,  9 069,  8 095,  7 695,  8 363,  10 807,  8 541,  7 899,  7 337,  6 150,  4 534,  2 817,  1 678,   692,   172,   25,48.41404535
Japan,2002,  5 824,  5 914,  6 139,  6 986,  7 913,  9 598,  9 393,  8 151,  7 730,  8 045,  10 624,  8 649,  8 115,  7 456,  6 293,  4 803,  2 951,  1 739,   756,   192,   29,49.40567551
Japan,2003,  5 772,  5 910,  6 023,  6 853,  7 659,  9 261,  9 562,  8 382,  7 803,  7 840,  9 976,  9 143,  8 367,  7 494,  6 441,  5 038,  3 124,  1 787,   817,   216,   33,50.27333656
Japan,2004,  5 706,  5 884,  5 966,  6 687,  7 456,  8 867,  9 754,  8 533,  7 904,  7 747,  9 232,  9 714,  8 609,  7 467,  6 586,  5 239,  3 332,  1 834,   875,   243,   38,51.08520704
Japan,2005,  5 619,  5 862,  5 957,  6 498,  7 291,  8 500,  9 835,  8 660,  8 070,  7 671,  8 648,  10 274,  8 581,  7 500,  6 738,  5 398,  3 545,  1 913,   926,   270,   42,52.08953299
Japan,2006,  5 532,  5 850,  5 949,  6 346,  7 146,  8 169,  9 768,  8 994,  8 080,  7 626,  8 273,  10 634,  8 347,  7 659,  6 897,  5 533,  3 770,  2 015,   971,   298,   46,53.39086009
Japan,2007,  5 478,  5 813,  5 944,  6 228,  7 017,  7 873,  9 562,  9 320,  8 141,  7 665,  7 963,  10 460,  8 457,  7 880,  7 021,  5 671,  3 999,  2 125,  1 013,   326,   51,54.80990017
Japan,2008,  5 446,  5 760,  5 944,  6 117,  6 884,  7 628,  9 234,  9 490,  8 376,  7 741,  7 763,  9 826,  8 947,  8 129,  7 065,  5 815,  4 197,  2 259,  1 047,   352,   57,56.18023615
Japan,2009,  5 425,  5 693,  5 919,  6 065,  6 720,  7 429,  8 847,  9 685,  8 529,  7 845,  7 675,  9 096,  9 510,  8 365,  7 047,  5 958,  4 370,  2 416,  1 081,   377,   64,57.39122517
Japan,2010,  5 409,  5 604,  5 898,  6 060,  6 533,  7 267,  8 483,  9 769,  8 656,  8 010,  7 601,  8 523,  10 059,  8 339,  7 086,  6 110,  4 513,  2 579,  1 138,   399,   70,58.23017162
Japan,2011,  5 380,  5 514,  5 885,  6 054,  6 384,  7 122,  8 152,  9 702,  8 988,  8 019,  7 555,  8 151,  10 409,  8 109,  7 243,  6 265,  4 634,  2 744,  1 205,   417,   76,58.94604741
Japan,2012,  5 325,  5 456,  5 846,  6 050,  6 267,  6 993,  7 854,  9 494,  9 308,  8 076,  7 592,  7 844,  10 234,  8 217,  7 458,  6 386,  4 759,  2 908,  1 272,   432,   81,60.39257991
Japan,2013,  5 262,  5 421,  5 790,  6 050,  6 156,  6 864,  7 604,  9 163,  9 474,  8 308,  7 666,  7 648,  9 610,  8 698,  7 698,  6 436,  4 892,  3 052,  1 353,   446,   86,62.55846363
Japan,2014,  5 190,  5 398,  5 721,  6 025,  6 102,  6 706,  7 401,  8 774,  9 664,  8 458,  7 767,  7 560,  8 894,  9 250,  7 920,  6 429,  5 029,  3 184,  1 448,   464,   92,64.80144288
Japan,2015,  5 118,  5 381,  5 629,  6 001,  6 095,  6 527,  7 234,  8 410,  9 744,  8 583,  7 930,  7 489,  8 335,  9 785,  7 893,  6 477,  5 176,  3 302,  1 551,   493,   98,66.67133998
Japan,2016,  5 043,  5 351,  5 538,  5 984,  6 088,  6 382,  7 086,  8 082,  9 675,  8 913,  7 940,  7 448,  7 976,  10 127,  7 681,  6 641,  5 332,  3 414,  1 663,   528,   104,68.04182472
Japan,2017,  4 933,  5 296,  5 479,  5 940,  6 082,  6 268,  6 957,  7 787,  9 468,  9 232,  8 000,  7 487,  7 681,  9 960,  7 797,  6 857,  5 459,  3 530,  1 777,   563,   109,69.10469463
Japan,2018,  4 780,  5 232,  5 443,  5 879,  6 080,  6 157,  6 830,  7 540,  9 138,  9 397,  8 232,  7 563,  7 494,  9 358,  8 269,  7 091,  5 521,  3 652,  1 881,   603,   115,69.90120566
Japan,2019,  4 605,  5 161,  5 419,  5 804,  6 053,  6 103,  6 676,  7 339,  8 751,  9 585,  8 383,  7 666,  7 414,  8 670,  8 805,  7 303,  5 530,  3 777,  1 978,   648,   120,70.50840057
Japan,2020,  4 434,  5 091,  5 399,  5 704,  6 037,  6 094,  6 517,  7 178,  8 390,  9 670,  8 507,  7 827,  7 345,  8 122,  9 311,  7 272,  5 584,  3 903,  2 043,   690,   127,70.93691495
Japan,2021,  4 286,  5 022,  5 363,  5 602,  6 036,  6 089,  6 404,  7 044,  8 065,  9 614,  8 833,  7 835,  7 300,  7 756,  9 622,  7 059,  5 729,  4 023,  2 077,   721,   132,71.11876726
